--Przydzia³ autokarów i pracowników do kursu:


-- http://www.generatedata.com/

--Uzupe³nienie jêzyków:
insert into LANGUAGES (LANGUAGE_ID, NAME) values (1, 'Tajik');
insert into LANGUAGES (LANGUAGE_ID, NAME) values (2, 'Lithuanian');
insert into LANGUAGES (LANGUAGE_ID, NAME) values (3, 'Malagasy');
insert into LANGUAGES (LANGUAGE_ID, NAME) values (4, 'Bislama');
insert into LANGUAGES (LANGUAGE_ID, NAME) values (5, 'Persian');
insert into LANGUAGES (LANGUAGE_ID, NAME) values (6, 'Ndebele');
insert into LANGUAGES (LANGUAGE_ID, NAME) values (7, 'Fijian');
insert into LANGUAGES (LANGUAGE_ID, NAME) values (8, 'Fijian');
insert into LANGUAGES (LANGUAGE_ID, NAME) values (9, 'Dutch');
insert into LANGUAGES (LANGUAGE_ID, NAME) values (10, 'Pashto');
insert into LANGUAGES (LANGUAGE_ID, NAME) values (11, 'Somali');
insert into LANGUAGES (LANGUAGE_ID, NAME) values (12, 'Mongolian');
insert into LANGUAGES (LANGUAGE_ID, NAME) values (13, 'Somali');
insert into LANGUAGES (LANGUAGE_ID, NAME) values (14, 'Bislama');
insert into LANGUAGES (LANGUAGE_ID, NAME) values (15, 'Japanese');
insert into LANGUAGES (LANGUAGE_ID, NAME) values (16, 'Ndebele');
insert into LANGUAGES (LANGUAGE_ID, NAME) values (17, 'Haitian Creole');
insert into LANGUAGES (LANGUAGE_ID, NAME) values (18, 'Sotho');
insert into LANGUAGES (LANGUAGE_ID, NAME) values (19, 'Dutch');
insert into LANGUAGES (LANGUAGE_ID, NAME) values (20, 'Irish Gaelic');
insert into LANGUAGES (LANGUAGE_ID, NAME) values (21, 'Maltese');
insert into LANGUAGES (LANGUAGE_ID, NAME) values (22, 'Danish');
insert into LANGUAGES (LANGUAGE_ID, NAME) values (23, 'Catalan');
insert into LANGUAGES (LANGUAGE_ID, NAME) values (24, 'Georgian');
insert into LANGUAGES (LANGUAGE_ID, NAME) values (25, 'Kyrgyz');
insert into LANGUAGES (LANGUAGE_ID, NAME) values (26, 'Dzongkha');
insert into LANGUAGES (LANGUAGE_ID, NAME) values (27, 'Tswana');
insert into LANGUAGES (LANGUAGE_ID, NAME) values (28, 'Filipino');
insert into LANGUAGES (LANGUAGE_ID, NAME) values (29, 'Oriya');
insert into LANGUAGES (LANGUAGE_ID, NAME) values (30, 'Czech');
insert into LANGUAGES (LANGUAGE_ID, NAME) values (31, 'Azeri');
insert into LANGUAGES (LANGUAGE_ID, NAME) values (32, 'Malagasy');
insert into LANGUAGES (LANGUAGE_ID, NAME) values (33, 'New Zealand Sign Language');
insert into LANGUAGES (LANGUAGE_ID, NAME) values (34, 'Swedish');
insert into LANGUAGES (LANGUAGE_ID, NAME) values (35, 'Icelandic');
insert into LANGUAGES (LANGUAGE_ID, NAME) values (36, 'Swahili');
insert into LANGUAGES (LANGUAGE_ID, NAME) values (37, 'Polish');
insert into LANGUAGES (LANGUAGE_ID, NAME) values (38, 'Tamil');
insert into LANGUAGES (LANGUAGE_ID, NAME) values (39, 'Kannada');
insert into LANGUAGES (LANGUAGE_ID, NAME) values (40, 'Albanian');
insert into LANGUAGES (LANGUAGE_ID, NAME) values (41, 'Swahili');
insert into LANGUAGES (LANGUAGE_ID, NAME) values (42, 'Maori');
insert into LANGUAGES (LANGUAGE_ID, NAME) values (43, 'Swati');
insert into LANGUAGES (LANGUAGE_ID, NAME) values (44, 'Polish');
insert into LANGUAGES (LANGUAGE_ID, NAME) values (45, 'Kazakh');
insert into LANGUAGES (LANGUAGE_ID, NAME) values (46, 'Quechua');
insert into LANGUAGES (LANGUAGE_ID, NAME) values (47, 'Armenian');
insert into LANGUAGES (LANGUAGE_ID, NAME) values (48, 'French');
insert into LANGUAGES (LANGUAGE_ID, NAME) values (49, 'Maltese');
insert into LANGUAGES (LANGUAGE_ID, NAME) values (50, 'Afrikaans');
insert into LANGUAGES (LANGUAGE_ID, NAME) values (51, 'Macedonian');
insert into LANGUAGES (LANGUAGE_ID, NAME) values (52, 'Amharic');
insert into LANGUAGES (LANGUAGE_ID, NAME) values (53, 'Tamil');
insert into LANGUAGES (LANGUAGE_ID, NAME) values (54, 'Romanian');
insert into LANGUAGES (LANGUAGE_ID, NAME) values (55, 'Danish');
insert into LANGUAGES (LANGUAGE_ID, NAME) values (56, 'Kazakh');
insert into LANGUAGES (LANGUAGE_ID, NAME) values (57, 'Belarusian');
insert into LANGUAGES (LANGUAGE_ID, NAME) values (58, 'Hungarian');
insert into LANGUAGES (LANGUAGE_ID, NAME) values (59, 'Dari');
insert into LANGUAGES (LANGUAGE_ID, NAME) values (60, 'Khmer');
insert into LANGUAGES (LANGUAGE_ID, NAME) values (61, 'Hiri Motu');
insert into LANGUAGES (LANGUAGE_ID, NAME) values (62, 'Georgian');
insert into LANGUAGES (LANGUAGE_ID, NAME) values (63, 'Chinese');
insert into LANGUAGES (LANGUAGE_ID, NAME) values (64, 'French');
insert into LANGUAGES (LANGUAGE_ID, NAME) values (65, 'Swedish');
insert into LANGUAGES (LANGUAGE_ID, NAME) values (66, 'Papiamento');
insert into LANGUAGES (LANGUAGE_ID, NAME) values (67, 'Hungarian');
insert into LANGUAGES (LANGUAGE_ID, NAME) values (68, 'Somali');
insert into LANGUAGES (LANGUAGE_ID, NAME) values (69, 'Indonesian');
insert into LANGUAGES (LANGUAGE_ID, NAME) values (70, 'Italian');
insert into LANGUAGES (LANGUAGE_ID, NAME) values (71, 'Arabic');
insert into LANGUAGES (LANGUAGE_ID, NAME) values (72, 'Chinese');
insert into LANGUAGES (LANGUAGE_ID, NAME) values (73, 'Italian');
insert into LANGUAGES (LANGUAGE_ID, NAME) values (74, 'Dutch');
insert into LANGUAGES (LANGUAGE_ID, NAME) values (75, 'Kurdish');
insert into LANGUAGES (LANGUAGE_ID, NAME) values (76, 'Tajik');
insert into LANGUAGES (LANGUAGE_ID, NAME) values (77, 'Malay');
insert into LANGUAGES (LANGUAGE_ID, NAME) values (78, 'German');
insert into LANGUAGES (LANGUAGE_ID, NAME) values (79, 'Sotho');
insert into LANGUAGES (LANGUAGE_ID, NAME) values (80, 'Malay');
insert into LANGUAGES (LANGUAGE_ID, NAME) values (81, 'Telugu');
insert into LANGUAGES (LANGUAGE_ID, NAME) values (82, 'Tamil');
insert into LANGUAGES (LANGUAGE_ID, NAME) values (83, 'Afrikaans');
insert into LANGUAGES (LANGUAGE_ID, NAME) values (84, 'Tajik');
insert into LANGUAGES (LANGUAGE_ID, NAME) values (85, 'Armenian');
insert into LANGUAGES (LANGUAGE_ID, NAME) values (86, 'Tok Pisin');
insert into LANGUAGES (LANGUAGE_ID, NAME) values (87, 'Khmer');
insert into LANGUAGES (LANGUAGE_ID, NAME) values (88, 'Filipino');
insert into LANGUAGES (LANGUAGE_ID, NAME) values (89, 'Ndebele');
insert into LANGUAGES (LANGUAGE_ID, NAME) values (90, 'Latvian');
insert into LANGUAGES (LANGUAGE_ID, NAME) values (91, 'Papiamento');
insert into LANGUAGES (LANGUAGE_ID, NAME) values (92, 'Indonesian');
insert into LANGUAGES (LANGUAGE_ID, NAME) values (93, 'Guaraní');
insert into LANGUAGES (LANGUAGE_ID, NAME) values (94, 'Malay');
insert into LANGUAGES (LANGUAGE_ID, NAME) values (95, 'English');
insert into LANGUAGES (LANGUAGE_ID, NAME) values (96, 'Czech');
insert into LANGUAGES (LANGUAGE_ID, NAME) values (97, 'Tok Pisin');
insert into LANGUAGES (LANGUAGE_ID, NAME) values (98, 'Oriya');
insert into LANGUAGES (LANGUAGE_ID, NAME) values (99, 'Gujarati');
insert into LANGUAGES (LANGUAGE_ID, NAME) values (100, 'German');




--Uzupe³nienie pracowników:
INSERT INTO PERSONS (PERSON_ID,NAME,SURNAME,COUNTRY,CITY,STREET,PHONE_NUMBER,E_MAIL) VALUES (1,'Buckminster','Chen','Saint Pierre and Miquelon','Dagelis','Ap #593-904 Mauris Ave','559-108-592','Vestibulum@arcu.co.uk');
INSERT INTO PERSONS (PERSON_ID,NAME,SURNAME,COUNTRY,CITY,STREET,PHONE_NUMBER,E_MAIL) VALUES (2,'Quail','Matthews','Barbados','Güssing','Ap #651-6574 Lorem, Rd.','598-169-969','felis@dignissimMaecenas.co.uk');
INSERT INTO PERSONS (PERSON_ID,NAME,SURNAME,COUNTRY,CITY,STREET,PHONE_NUMBER,E_MAIL) VALUES (3,'Rebekah','Hickman','China','Mandela','P.O. Box 790, 8134 Luctus Av.','284-663-119','sit.amet.dapibus@lectus.edu');
INSERT INTO PERSONS (PERSON_ID,NAME,SURNAME,COUNTRY,CITY,STREET,PHONE_NUMBER,E_MAIL) VALUES (4,'Ryan','Knapp','Swaziland','Sint-Pieters-Woluwe','Ap #749-8367 Nunc St.','330-525-433','Nunc@dictumeueleifend.co.uk');
INSERT INTO PERSONS (PERSON_ID,NAME,SURNAME,COUNTRY,CITY,STREET,PHONE_NUMBER,E_MAIL) VALUES (5,'Ruth','Mayo','Lebanon','Hertford','P.O. Box 142, 4165 Justo. St.','412-102-024','Nam.porttitor.scelerisque@Namporttitorscelerisque.ca');
INSERT INTO PERSONS (PERSON_ID,NAME,SURNAME,COUNTRY,CITY,STREET,PHONE_NUMBER,E_MAIL) VALUES (6,'Jamalia','Huff','Trinidad and Tobago','Surat','3752 Diam. Road','888-527-879','ipsum@etmalesuada.net');
INSERT INTO PERSONS (PERSON_ID,NAME,SURNAME,COUNTRY,CITY,STREET,PHONE_NUMBER,E_MAIL) VALUES (7,'Caldwell','Dunn','Saudi Arabia','Pescopagano','759 Nibh Street','648-531-711','tempor@Vestibulum.com');
INSERT INTO PERSONS (PERSON_ID,NAME,SURNAME,COUNTRY,CITY,STREET,PHONE_NUMBER,E_MAIL) VALUES (8,'Dean','Rojas','Djibouti','Ongole','P.O. Box 687, 9516 Malesuada Rd.','220-132-001','dapibus@Duismi.org');
INSERT INTO PERSONS (PERSON_ID,NAME,SURNAME,COUNTRY,CITY,STREET,PHONE_NUMBER,E_MAIL) VALUES (9,'Brianna','Mcleod','Moldova','Walhain','1546 Auctor, Street','899-264-377','ligula@fringillacursuspurus.net');
INSERT INTO PERSONS (PERSON_ID,NAME,SURNAME,COUNTRY,CITY,STREET,PHONE_NUMBER,E_MAIL) VALUES (10,'Magee','Gonzalez','Lebanon','Allerona','Ap #771-7467 Gravida Avenue','904-103-073','non.ante@FuscefeugiatLorem.net');
INSERT INTO PERSONS (PERSON_ID,NAME,SURNAME,COUNTRY,CITY,STREET,PHONE_NUMBER,E_MAIL) VALUES (11,'Nell','Dalton','Saudi Arabia','Gibsons','P.O. Box 551, 9414 Lectus. Rd.','503-857-579','non@Namtempordiam.edu');
INSERT INTO PERSONS (PERSON_ID,NAME,SURNAME,COUNTRY,CITY,STREET,PHONE_NUMBER,E_MAIL) VALUES (12,'Odessa','Stark','Cambodia','McCallum','149-5324 Dictum Ave','835-582-926','Curabitur.sed@odio.edu');
INSERT INTO PERSONS (PERSON_ID,NAME,SURNAME,COUNTRY,CITY,STREET,PHONE_NUMBER,E_MAIL) VALUES (13,'Angela','Kirby','Micronesia','Belo Horizonte','P.O. Box 189, 3158 Luctus St.','927-850-688','non.bibendum.sed@atlibero.co.uk');
INSERT INTO PERSONS (PERSON_ID,NAME,SURNAME,COUNTRY,CITY,STREET,PHONE_NUMBER,E_MAIL) VALUES (14,'Jaime','Harrington','Tokelau','Rexton','P.O. Box 988, 8974 Proin Street','135-278-394','Mauris.blandit@tempusnon.co.uk');
INSERT INTO PERSONS (PERSON_ID,NAME,SURNAME,COUNTRY,CITY,STREET,PHONE_NUMBER,E_MAIL) VALUES (15,'Kelly','Estrada','Bonaire, Sint Eustatius and Saba','Salzburg','117-4710 Adipiscing St.','332-432-757','luctus.et@Donecconsectetuermauris.co.uk');
INSERT INTO PERSONS (PERSON_ID,NAME,SURNAME,COUNTRY,CITY,STREET,PHONE_NUMBER,E_MAIL) VALUES (16,'Shana','Dennis','Dominica','Parkland County','7104 A, St.','828-599-908','enim.diam.vel@hymenaeosMauris.org');
INSERT INTO PERSONS (PERSON_ID,NAME,SURNAME,COUNTRY,CITY,STREET,PHONE_NUMBER,E_MAIL) VALUES (17,'Xena','Webb','Germany','Dietzenbach','Ap #713-6017 Velit Road','796-174-003','elementum.sem.vitae@Morbi.com');
INSERT INTO PERSONS (PERSON_ID,NAME,SURNAME,COUNTRY,CITY,STREET,PHONE_NUMBER,E_MAIL) VALUES (18,'Scarlet','Cabrera','Korea, North','Fort Laird','316-4234 Duis Rd.','367-187-848','eu.turpis@velit.com');
INSERT INTO PERSONS (PERSON_ID,NAME,SURNAME,COUNTRY,CITY,STREET,PHONE_NUMBER,E_MAIL) VALUES (19,'Debra','Cotton','Dominica','Los Angeles','701-9599 Quis Ave','528-479-127','quis@Morbimetus.ca');
INSERT INTO PERSONS (PERSON_ID,NAME,SURNAME,COUNTRY,CITY,STREET,PHONE_NUMBER,E_MAIL) VALUES (20,'Claudia','Kerr','Niue','Braies/Prags','P.O. Box 497, 8764 Tincidunt Rd.','300-814-860','amet.metus@est.co.uk');
INSERT INTO PERSONS (PERSON_ID,NAME,SURNAME,COUNTRY,CITY,STREET,PHONE_NUMBER,E_MAIL) VALUES (21,'Gage','Noel','Syria','Meeffe','Ap #242-9239 Etiam Street','949-291-504','odio@loremac.org');
INSERT INTO PERSONS (PERSON_ID,NAME,SURNAME,COUNTRY,CITY,STREET,PHONE_NUMBER,E_MAIL) VALUES (22,'Isaiah','Berg','Sudan','Stourbridge','P.O. Box 285, 9998 Vitae Avenue','867-489-565','lorem.sit@Maecenasmalesuadafringilla.co.uk');
INSERT INTO PERSONS (PERSON_ID,NAME,SURNAME,COUNTRY,CITY,STREET,PHONE_NUMBER,E_MAIL) VALUES (23,'Yetta','Leblanc','Egypt','Penrith','3797 Purus Ave','481-138-280','mauris@apurus.net');
INSERT INTO PERSONS (PERSON_ID,NAME,SURNAME,COUNTRY,CITY,STREET,PHONE_NUMBER,E_MAIL) VALUES (24,'Wynter','Oneil','Norfolk Island','Sloten','P.O. Box 625, 8714 Lorem Ave','469-778-423','Mauris.molestie@consectetuerrhoncusNullam.org');
INSERT INTO PERSONS (PERSON_ID,NAME,SURNAME,COUNTRY,CITY,STREET,PHONE_NUMBER,E_MAIL) VALUES (25,'Reuben','Abbott','Malta','Ranchi','4687 Sed Avenue','768-615-731','lacinia.Sed.congue@diamDuis.com');
INSERT INTO PERSONS (PERSON_ID,NAME,SURNAME,COUNTRY,CITY,STREET,PHONE_NUMBER,E_MAIL) VALUES (26,'Frances','Rutledge','Turkey','Pocatello','P.O. Box 101, 5707 A, Ave','323-364-199','in.consectetuer@in.ca');
INSERT INTO PERSONS (PERSON_ID,NAME,SURNAME,COUNTRY,CITY,STREET,PHONE_NUMBER,E_MAIL) VALUES (27,'Guinevere','Wright','Cayman Islands','Leernes','P.O. Box 597, 5455 Sed Ave','823-549-359','a@ornareegestas.ca');
INSERT INTO PERSONS (PERSON_ID,NAME,SURNAME,COUNTRY,CITY,STREET,PHONE_NUMBER,E_MAIL) VALUES (28,'Benedict','Wilson','Sao Tome and Principe','Nadrin','Ap #732-7092 Auctor Rd.','499-236-187','Quisque@nibhPhasellus.com');
INSERT INTO PERSONS (PERSON_ID,NAME,SURNAME,COUNTRY,CITY,STREET,PHONE_NUMBER,E_MAIL) VALUES (29,'Neville','Tucker','Saint Martin','Genval','P.O. Box 291, 6037 Cursus St.','374-147-028','et.arcu.imperdiet@Phasellusin.co.uk');
INSERT INTO PERSONS (PERSON_ID,NAME,SURNAME,COUNTRY,CITY,STREET,PHONE_NUMBER,E_MAIL) VALUES (30,'Sonya','Turner','Greece','Mülheim','P.O. Box 968, 597 Libero Road','783-474-026','dui.in.sodales@imperdietdictummagna.edu');
INSERT INTO PERSONS (PERSON_ID,NAME,SURNAME,COUNTRY,CITY,STREET,PHONE_NUMBER,E_MAIL) VALUES (31,'Adrienne','Mccarty','Slovakia','Potsdam','Ap #319-6685 Amet, Rd.','121-553-068','faucibus@aliquet.org');
INSERT INTO PERSONS (PERSON_ID,NAME,SURNAME,COUNTRY,CITY,STREET,PHONE_NUMBER,E_MAIL) VALUES (32,'Aquila','Frost','Jordan','Falmouth','2964 Sodales St.','298-655-953','ligula@Pellentesquehabitantmorbi.co.uk');
INSERT INTO PERSONS (PERSON_ID,NAME,SURNAME,COUNTRY,CITY,STREET,PHONE_NUMBER,E_MAIL) VALUES (33,'Jacob','Holman','New Caledonia','Bridlington','Ap #511-5401 Ut, Rd.','346-635-311','Morbi@odioEtiam.net');
INSERT INTO PERSONS (PERSON_ID,NAME,SURNAME,COUNTRY,CITY,STREET,PHONE_NUMBER,E_MAIL) VALUES (34,'Claire','Harding','Taiwan','Joinville','P.O. Box 694, 1984 Mattis Street','213-642-466','magna.Sed@nibhQuisque.co.uk');
INSERT INTO PERSONS (PERSON_ID,NAME,SURNAME,COUNTRY,CITY,STREET,PHONE_NUMBER,E_MAIL) VALUES (35,'Jelani','Oneal','Sierra Leone','Murdochville','657-1861 Nam Road','250-175-903','Vivamus@dictum.edu');
INSERT INTO PERSONS (PERSON_ID,NAME,SURNAME,COUNTRY,CITY,STREET,PHONE_NUMBER,E_MAIL) VALUES (36,'Sage','Macdonald','Gabon','Rosoux-Crenwick','626-2834 Accumsan St.','997-870-447','semper@ametmassa.edu');
INSERT INTO PERSONS (PERSON_ID,NAME,SURNAME,COUNTRY,CITY,STREET,PHONE_NUMBER,E_MAIL) VALUES (37,'Dakota','Sharpe','Latvia','Niort','363-4763 Malesuada Avenue','382-954-001','semper@iaculis.ca');
INSERT INTO PERSONS (PERSON_ID,NAME,SURNAME,COUNTRY,CITY,STREET,PHONE_NUMBER,E_MAIL) VALUES (38,'Adrienne','Cobb','Taiwan','Mansfield','9027 Vitae Ave','120-470-131','nibh.sit.amet@loremloremluctus.net');
INSERT INTO PERSONS (PERSON_ID,NAME,SURNAME,COUNTRY,CITY,STREET,PHONE_NUMBER,E_MAIL) VALUES (39,'Grace','Mcclain','Tokelau','Lerum','1489 Integer Ave','785-324-498','justo.Praesent@tempusscelerisque.ca');
INSERT INTO PERSONS (PERSON_ID,NAME,SURNAME,COUNTRY,CITY,STREET,PHONE_NUMBER,E_MAIL) VALUES (40,'Bradley','Richard','Mozambique','Burg','9806 Augue St.','376-296-463','sollicitudin.commodo@risusMorbimetus.com');
INSERT INTO PERSONS (PERSON_ID,NAME,SURNAME,COUNTRY,CITY,STREET,PHONE_NUMBER,E_MAIL) VALUES (41,'Lewis','Gomez','Montserrat','Aisemont','5361 Mauris. Street','264-399-158','ac.ipsum@nonummyFuscefermentum.ca');
INSERT INTO PERSONS (PERSON_ID,NAME,SURNAME,COUNTRY,CITY,STREET,PHONE_NUMBER,E_MAIL) VALUES (42,'Kiona','Cain','Uzbekistan','Kêdzierzyn-KoŸle','957 Nulla St.','335-669-068','sit@Quisque.com');
INSERT INTO PERSONS (PERSON_ID,NAME,SURNAME,COUNTRY,CITY,STREET,PHONE_NUMBER,E_MAIL) VALUES (43,'Maggie','Levy','Italy','Brugge Bruges','386 Odio. Street','947-100-761','at.iaculis@placeratCras.net');
INSERT INTO PERSONS (PERSON_ID,NAME,SURNAME,COUNTRY,CITY,STREET,PHONE_NUMBER,E_MAIL) VALUES (44,'Christopher','Gardner','Wallis and Futuna','Vliermaalroot','7061 Feugiat Rd.','864-516-176','nibh@duiaugueeu.ca');
INSERT INTO PERSONS (PERSON_ID,NAME,SURNAME,COUNTRY,CITY,STREET,PHONE_NUMBER,E_MAIL) VALUES (45,'Emi','Martinez','Palau','Ransart','611-406 Mollis Street','513-992-295','elit.fermentum@egestaslaciniaSed.edu');
INSERT INTO PERSONS (PERSON_ID,NAME,SURNAME,COUNTRY,CITY,STREET,PHONE_NUMBER,E_MAIL) VALUES (46,'Jeremy','Norman','Indonesia','Hanret','Ap #979-2237 Est Avenue','157-117-322','Nulla@dolorFusce.ca');
INSERT INTO PERSONS (PERSON_ID,NAME,SURNAME,COUNTRY,CITY,STREET,PHONE_NUMBER,E_MAIL) VALUES (47,'Kelly','Carlson','China','Logan City','889-3062 Nec Ave','843-620-501','Sed.eu@eueleifendnec.ca');
INSERT INTO PERSONS (PERSON_ID,NAME,SURNAME,COUNTRY,CITY,STREET,PHONE_NUMBER,E_MAIL) VALUES (48,'Kennan','Valencia','Papua New Guinea','Owensboro','P.O. Box 233, 6190 Molestie Street','763-749-980','commodo.tincidunt.nibh@Proin.ca');
INSERT INTO PERSONS (PERSON_ID,NAME,SURNAME,COUNTRY,CITY,STREET,PHONE_NUMBER,E_MAIL) VALUES (49,'Edan','Cruz','Bouvet Island','Modinagar','3762 Massa. Ave','605-244-971','tortor.Nunc.commodo@interdumCurabitur.edu');
INSERT INTO PERSONS (PERSON_ID,NAME,SURNAME,COUNTRY,CITY,STREET,PHONE_NUMBER,E_MAIL) VALUES (50,'Linda','Ortiz','Belgium','Knoxville','7325 Mattis. St.','457-751-032','adipiscing.fringilla.porttitor@sapienNuncpulvinar.com');


INSERT INTO DRIVERS (DRIVER_ID,PERSON_ID,PSYCHOLOGICAL_TESTS_RESULT,TRAINING_COURSES,DRIVING_LICENCE_NUMBER,DRIVING_LICENCE_CATEGORY) VALUES (1,1,'POSITIVE','BASIC DRIVER COURSE','(030726) 537201','D');
INSERT INTO DRIVERS (DRIVER_ID,PERSON_ID,PSYCHOLOGICAL_TESTS_RESULT,TRAINING_COURSES,DRIVING_LICENCE_NUMBER,DRIVING_LICENCE_CATEGORY) VALUES (2,2,'POSITIVE','BASIC DRIVER COURSE','(031287) 650626','D');
INSERT INTO DRIVERS (DRIVER_ID,PERSON_ID,PSYCHOLOGICAL_TESTS_RESULT,TRAINING_COURSES,DRIVING_LICENCE_NUMBER,DRIVING_LICENCE_CATEGORY) VALUES (3,3,'POSITIVE','ADVANCED DRIVED COURSE','(0333) 07813300','D');
INSERT INTO DRIVERS (DRIVER_ID,PERSON_ID,PSYCHOLOGICAL_TESTS_RESULT,TRAINING_COURSES,DRIVING_LICENCE_NUMBER,DRIVING_LICENCE_CATEGORY) VALUES (4,4,'POSITIVE','ADVANCED DRIVED COURSE','(0224) 29277445','D');
INSERT INTO DRIVERS (DRIVER_ID,PERSON_ID,PSYCHOLOGICAL_TESTS_RESULT,TRAINING_COURSES,DRIVING_LICENCE_NUMBER,DRIVING_LICENCE_CATEGORY) VALUES (5,5,'POSITIVE','BASIC DRIVER COURSE','(00795) 6798596','D');


INSERT INTO HOSTESS (HOSTESS_ID,PERSON_ID,CURRENT_STAY,COURSES) VALUES (1,20,'Poland','ADVANCED ENGLISH COURSE');
INSERT INTO HOSTESS (HOSTESS_ID,PERSON_ID,CURRENT_STAY,COURSES) VALUES (2,6,'Poland','NATIONAL RELATIONS COURSE');
INSERT INTO HOSTESS (HOSTESS_ID,PERSON_ID,CURRENT_STAY,COURSES) VALUES (3,7,'Poland','ADVANCED ENGLISH COURSE');
INSERT INTO HOSTESS (HOSTESS_ID,PERSON_ID,CURRENT_STAY,COURSES) VALUES (4,8,'Poland','ADVANCED ENGLISH COURSE');
INSERT INTO HOSTESS (HOSTESS_ID,PERSON_ID,CURRENT_STAY,COURSES) VALUES (5,9,'Poland','NATIONAL RELATIONS COURSE');
INSERT INTO HOSTESS (HOSTESS_ID,PERSON_ID,CURRENT_STAY,COURSES) VALUES (6,10,'Poland','NATIONAL RELATIONS COURSE');
INSERT INTO HOSTESS (HOSTESS_ID,PERSON_ID,CURRENT_STAY,COURSES) VALUES (7,11,'Poland','ADVANCED ENGLISH COURSE');
INSERT INTO HOSTESS (HOSTESS_ID,PERSON_ID,CURRENT_STAY,COURSES) VALUES (8,12,'Poland','ADVANCED ENGLISH COURSE');
INSERT INTO HOSTESS (HOSTESS_ID,PERSON_ID,CURRENT_STAY,COURSES) VALUES (9,13,'Poland','NATIONAL RELATIONS COURSE');
INSERT INTO HOSTESS (HOSTESS_ID,PERSON_ID,CURRENT_STAY,COURSES) VALUES (10,14,'Poland','NATIONAL RELATIONS COURSE');
INSERT INTO HOSTESS (HOSTESS_ID,PERSON_ID,CURRENT_STAY,COURSES) VALUES (11,15,'Poland','ADVANCED ENGLISH COURSE');
INSERT INTO HOSTESS (HOSTESS_ID,PERSON_ID,CURRENT_STAY,COURSES) VALUES (12,16,'Poland','ADVANCED ENGLISH COURSE');
INSERT INTO HOSTESS (HOSTESS_ID,PERSON_ID,CURRENT_STAY,COURSES) VALUES (13,17,'Poland','NATIONAL RELATIONS COURSE');
INSERT INTO HOSTESS (HOSTESS_ID,PERSON_ID,CURRENT_STAY,COURSES) VALUES (14,18,'Poland','NATIONAL RELATIONS COURSE');
INSERT INTO HOSTESS (HOSTESS_ID,PERSON_ID,CURRENT_STAY,COURSES) VALUES (15,19,'Poland','ADVANCED ENGLISH COURSE');



INSERT INTO CLIENTS (CLIENT_ID,PERSON_ID,FIRST_SERVICE_USE_DATE,DESCRIPTION) VALUES (1,21,TO_DATE('31/10/2016','DD/MM/YYYY'),'nothing special');
INSERT INTO CLIENTS (CLIENT_ID,PERSON_ID,FIRST_SERVICE_USE_DATE,DESCRIPTION) VALUES (2,22,TO_DATE('27/09/2016','DD/MM/YYYY'),'nothing special');
INSERT INTO CLIENTS (CLIENT_ID,PERSON_ID,FIRST_SERVICE_USE_DATE,DESCRIPTION) VALUES (3,23,TO_DATE('17/06/2016','DD/MM/YYYY'),'very kind person');
INSERT INTO CLIENTS (CLIENT_ID,PERSON_ID,FIRST_SERVICE_USE_DATE,DESCRIPTION) VALUES (4,24,TO_DATE('07/05/2016','DD/MM/YYYY'),'very kind person');
INSERT INTO CLIENTS (CLIENT_ID,PERSON_ID,FIRST_SERVICE_USE_DATE,DESCRIPTION) VALUES (5,25,TO_DATE('17/12/2016','DD/MM/YYYY'),'likeable client');
INSERT INTO CLIENTS (CLIENT_ID,PERSON_ID,FIRST_SERVICE_USE_DATE,DESCRIPTION) VALUES (6,26,TO_DATE('23/01/2016','DD/MM/YYYY'),'likeable client');
INSERT INTO CLIENTS (CLIENT_ID,PERSON_ID,FIRST_SERVICE_USE_DATE,DESCRIPTION) VALUES (7,27,TO_DATE('21/11/2016','DD/MM/YYYY'),'nothing special');
INSERT INTO CLIENTS (CLIENT_ID,PERSON_ID,FIRST_SERVICE_USE_DATE,DESCRIPTION) VALUES (8,28,TO_DATE('19/08/2016','DD/MM/YYYY'),'nothing special');
INSERT INTO CLIENTS (CLIENT_ID,PERSON_ID,FIRST_SERVICE_USE_DATE,DESCRIPTION) VALUES (9,29,TO_DATE('19/12/2016','DD/MM/YYYY'),'very kind person');
INSERT INTO CLIENTS (CLIENT_ID,PERSON_ID,FIRST_SERVICE_USE_DATE,DESCRIPTION) VALUES (10,30,TO_DATE('09/04/2016','DD/MM/YYYY'),'very kind person');
INSERT INTO CLIENTS (CLIENT_ID,PERSON_ID,FIRST_SERVICE_USE_DATE,DESCRIPTION) VALUES (11,31,TO_DATE('18/01/2016','DD/MM/YYYY'),'likeable client');
INSERT INTO CLIENTS (CLIENT_ID,PERSON_ID,FIRST_SERVICE_USE_DATE,DESCRIPTION) VALUES (12,32,TO_DATE('28/12/2015','DD/MM/YYYY'),'likeable client');
INSERT INTO CLIENTS (CLIENT_ID,PERSON_ID,FIRST_SERVICE_USE_DATE,DESCRIPTION) VALUES (13,33,TO_DATE('10/12/2016','DD/MM/YYYY'),'nothing special');
INSERT INTO CLIENTS (CLIENT_ID,PERSON_ID,FIRST_SERVICE_USE_DATE,DESCRIPTION) VALUES (14,34,TO_DATE('15/05/2016','DD/MM/YYYY'),'nothing special');
INSERT INTO CLIENTS (CLIENT_ID,PERSON_ID,FIRST_SERVICE_USE_DATE,DESCRIPTION) VALUES (15,35,TO_DATE('25/06/2016','DD/MM/YYYY'),'very kind person');
INSERT INTO CLIENTS (CLIENT_ID,PERSON_ID,FIRST_SERVICE_USE_DATE,DESCRIPTION) VALUES (16,36,TO_DATE('17/07/2016','DD/MM/YYYY'),'very kind person');
INSERT INTO CLIENTS (CLIENT_ID,PERSON_ID,FIRST_SERVICE_USE_DATE,DESCRIPTION) VALUES (17,37,TO_DATE('24/09/2016','DD/MM/YYYY'),'likeable client');
INSERT INTO CLIENTS (CLIENT_ID,PERSON_ID,FIRST_SERVICE_USE_DATE,DESCRIPTION) VALUES (18,38,TO_DATE('23/10/2016','DD/MM/YYYY'),'likeable client');
INSERT INTO CLIENTS (CLIENT_ID,PERSON_ID,FIRST_SERVICE_USE_DATE,DESCRIPTION) VALUES (19,39,TO_DATE('18/09/2016','DD/MM/YYYY'),'nothing special');
INSERT INTO CLIENTS (CLIENT_ID,PERSON_ID,FIRST_SERVICE_USE_DATE,DESCRIPTION) VALUES (20,40,TO_DATE('23/08/2016','DD/MM/YYYY'),'nothing special');
INSERT INTO CLIENTS (CLIENT_ID,PERSON_ID,FIRST_SERVICE_USE_DATE,DESCRIPTION) VALUES (21,41,TO_DATE('22/02/2016','DD/MM/YYYY'),'very kind person');
INSERT INTO CLIENTS (CLIENT_ID,PERSON_ID,FIRST_SERVICE_USE_DATE,DESCRIPTION) VALUES (22,42,TO_DATE('08/10/2016','DD/MM/YYYY'),'very kind person');
INSERT INTO CLIENTS (CLIENT_ID,PERSON_ID,FIRST_SERVICE_USE_DATE,DESCRIPTION) VALUES (23,43,TO_DATE('17/01/2016','DD/MM/YYYY'),'likeable client');
INSERT INTO CLIENTS (CLIENT_ID,PERSON_ID,FIRST_SERVICE_USE_DATE,DESCRIPTION) VALUES (24,44,TO_DATE('10/07/2016','DD/MM/YYYY'),'likeable client');
INSERT INTO CLIENTS (CLIENT_ID,PERSON_ID,FIRST_SERVICE_USE_DATE,DESCRIPTION) VALUES (25,45,TO_DATE('29/03/2016','DD/MM/YYYY'),'nothing special');
INSERT INTO CLIENTS (CLIENT_ID,PERSON_ID,FIRST_SERVICE_USE_DATE,DESCRIPTION) VALUES (26,46,TO_DATE('20/05/2016','DD/MM/YYYY'),'nothing special');
INSERT INTO CLIENTS (CLIENT_ID,PERSON_ID,FIRST_SERVICE_USE_DATE,DESCRIPTION) VALUES (27,47,TO_DATE('09/03/2016','DD/MM/YYYY'),'very kind person');
INSERT INTO CLIENTS (CLIENT_ID,PERSON_ID,FIRST_SERVICE_USE_DATE,DESCRIPTION) VALUES (28,48,TO_DATE('11/06/2016','DD/MM/YYYY'),'very kind person');
INSERT INTO CLIENTS (CLIENT_ID,PERSON_ID,FIRST_SERVICE_USE_DATE,DESCRIPTION) VALUES (29,49,TO_DATE('30/03/2016','DD/MM/YYYY'),'likeable client');
INSERT INTO CLIENTS (CLIENT_ID,PERSON_ID,FIRST_SERVICE_USE_DATE,DESCRIPTION) VALUES (30,50,TO_DATE('04/09/2016','DD/MM/YYYY'),'likeable client');


INSERT INTO KNOWN_LANGUAGES (HOSTESS_ID,LANGUAGE_ID,FLUENCY,STUDING_YEARS) VALUES (1,64,'ADVANCED',10);
INSERT INTO KNOWN_LANGUAGES (HOSTESS_ID,LANGUAGE_ID,FLUENCY,STUDING_YEARS) VALUES (2,64,'ADVANCED',9);
INSERT INTO KNOWN_LANGUAGES (HOSTESS_ID,LANGUAGE_ID,FLUENCY,STUDING_YEARS) VALUES (3,64,'INTERMEDIATE',7);
INSERT INTO KNOWN_LANGUAGES (HOSTESS_ID,LANGUAGE_ID,FLUENCY,STUDING_YEARS) VALUES (4,95,'INTERMEDIATE',10);
INSERT INTO KNOWN_LANGUAGES (HOSTESS_ID,LANGUAGE_ID,FLUENCY,STUDING_YEARS) VALUES (5,95,'ADVANCED',10);
INSERT INTO KNOWN_LANGUAGES (HOSTESS_ID,LANGUAGE_ID,FLUENCY,STUDING_YEARS) VALUES (6,95,'ADVANCED',3);
INSERT INTO KNOWN_LANGUAGES (HOSTESS_ID,LANGUAGE_ID,FLUENCY,STUDING_YEARS) VALUES (7,44,'INTERMEDIATE',3);
INSERT INTO KNOWN_LANGUAGES (HOSTESS_ID,LANGUAGE_ID,FLUENCY,STUDING_YEARS) VALUES (8,44,'INTERMEDIATE',6);
INSERT INTO KNOWN_LANGUAGES (HOSTESS_ID,LANGUAGE_ID,FLUENCY,STUDING_YEARS) VALUES (9,44,'ADVANCED',10);
INSERT INTO KNOWN_LANGUAGES (HOSTESS_ID,LANGUAGE_ID,FLUENCY,STUDING_YEARS) VALUES (10,64,'ADVANCED',8);
INSERT INTO KNOWN_LANGUAGES (HOSTESS_ID,LANGUAGE_ID,FLUENCY,STUDING_YEARS) VALUES (11,64,'INTERMEDIATE',7);
INSERT INTO KNOWN_LANGUAGES (HOSTESS_ID,LANGUAGE_ID,FLUENCY,STUDING_YEARS) VALUES (12,64,'INTERMEDIATE',1);
INSERT INTO KNOWN_LANGUAGES (HOSTESS_ID,LANGUAGE_ID,FLUENCY,STUDING_YEARS) VALUES (13,95,'ADVANCED',10);
INSERT INTO KNOWN_LANGUAGES (HOSTESS_ID,LANGUAGE_ID,FLUENCY,STUDING_YEARS) VALUES (14,95,'ADVANCED',9);
INSERT INTO KNOWN_LANGUAGES (HOSTESS_ID,LANGUAGE_ID,FLUENCY,STUDING_YEARS) VALUES (15,95,'INTERMEDIATE',4);

-- http://planner.myrouteonline.com/route-planner/1326001/#

INSERT INTO INTERMEDIATE_DRIVES VALUES(1,'Warszawa','Kielce',146,180,20);
INSERT INTO INTERMEDIATE_DRIVES VALUES(2,'Kielce','Radom',83,89,8);
INSERT INTO INTERMEDIATE_DRIVES VALUES(3,'Radom','Kraków',167,193,20);
INSERT INTO INTERMEDIATE_DRIVES VALUES(4,'Warszawa','Pu³awy',125,133,16);
INSERT INTO INTERMEDIATE_DRIVES VALUES(5,'Pu³awy','Lublin',42,54,8);
INSERT INTO INTERMEDIATE_DRIVES VALUES(6,'Lublin','Che³m',70,54,8);
INSERT INTO INTERMEDIATE_DRIVES VALUES(7,'Warszawa','Nowy Dwór Mazowiecki',36,24,5);
INSERT INTO INTERMEDIATE_DRIVES VALUES(8,'Nowy Dwór Mazowiecki','Ciechanów',52,40,7);
INSERT INTO INTERMEDIATE_DRIVES VALUES(9,'Ciechanów','Nidzica',57,39,7);
INSERT INTO INTERMEDIATE_DRIVES VALUES(10,'Nidzica','Elbl¹g',95,81,12);
INSERT INTO INTERMEDIATE_DRIVES VALUES(11,'Elbl¹g','Gdañsk',63,38,8);
INSERT INTO INTERMEDIATE_DRIVES VALUES(12,'Warszawa','Piaseczno',28,16,3);
INSERT INTO INTERMEDIATE_DRIVES VALUES(13,'Piaseczno','Warka',43,26,5);
INSERT INTO INTERMEDIATE_DRIVES VALUES(14,'Warka','Radom',48,38,8);

INSERT INTO INTERMEDIATE_DRIVES VALUES(15,'Kielce','Warszawa',146,170,21);
INSERT INTO INTERMEDIATE_DRIVES VALUES(16,'Radom','Kielce',83,89,9);
INSERT INTO INTERMEDIATE_DRIVES VALUES(17,'Kraków','Radom',167,193,20);
INSERT INTO INTERMEDIATE_DRIVES VALUES(18,'Pu³awy','Warszawa',125,133,16);
INSERT INTO INTERMEDIATE_DRIVES VALUES(19,'Lubin','Pu³awy',42,54,8);
INSERT INTO INTERMEDIATE_DRIVES VALUES(20,'Che³m','Lubin',70,54,8);
INSERT INTO INTERMEDIATE_DRIVES VALUES(21,'Nowy Dwór Mazowiecki','Warszawa',36,27,5);
INSERT INTO INTERMEDIATE_DRIVES VALUES(22,'Ciechanów','Nowy Dwór Mazowiecki',52,40,7);
INSERT INTO INTERMEDIATE_DRIVES VALUES(23,'Nidzica','Ciechanów',57,29,7);
INSERT INTO INTERMEDIATE_DRIVES VALUES(24,'Elbl¹g','Nidzica',95,81,12);
INSERT INTO INTERMEDIATE_DRIVES VALUES(25,'Gdañsk','Elbl¹g',63,38,8);
INSERT INTO INTERMEDIATE_DRIVES VALUES(26,'Piaseczno','Warszawa',28,16,3);
INSERT INTO INTERMEDIATE_DRIVES VALUES(27,'Warka','Piaseczno',43,26,8);
INSERT INTO INTERMEDIATE_DRIVES VALUES(28,'Radom','Warka',48,38,8);

INSERT INTO DRIVES VALUES (DRIVE_SEQ.NEXTVAL,'Warszawa','Kraków');
INSERT INTO DRIVES VALUES (DRIVE_SEQ.NEXTVAL,'Warszawa','Che³m');
INSERT INTO DRIVES VALUES (DRIVE_SEQ.NEXTVAL,'Warszawa','Gdañsk');
INSERT INTO DRIVES VALUES (DRIVE_SEQ.NEXTVAL,'Kraków','Warszawa');
INSERT INTO DRIVES VALUES (DRIVE_SEQ.NEXTVAL,'Che³m','Warszawa');
INSERT INTO DRIVES VALUES (DRIVE_SEQ.NEXTVAL,'Gdañsk','Warszawa');
INSERT INTO DRIVES VALUES (DRIVE_SEQ.NEXTVAL,'Warszawa','Radom');
INSERT INTO DRIVES VALUES (DRIVE_SEQ.NEXTVAL,'Radom','Warszawa');

INSERT INTO DRIVE_CONTENTS VALUES (1,1);
INSERT INTO DRIVE_CONTENTS VALUES (2,1);
INSERT INTO DRIVE_CONTENTS VALUES (3,1);
INSERT INTO DRIVE_CONTENTS VALUES (4,2);
INSERT INTO DRIVE_CONTENTS VALUES (5,2);
INSERT INTO DRIVE_CONTENTS VALUES (6,2);
INSERT INTO DRIVE_CONTENTS VALUES (7,3);
INSERT INTO DRIVE_CONTENTS VALUES (8,3);
INSERT INTO DRIVE_CONTENTS VALUES (9,3);
INSERT INTO DRIVE_CONTENTS VALUES (10,3);
INSERT INTO DRIVE_CONTENTS VALUES (11,3);

INSERT INTO DRIVE_CONTENTS VALUES (17,4);
INSERT INTO DRIVE_CONTENTS VALUES (16,4);
INSERT INTO DRIVE_CONTENTS VALUES (15,4);

INSERT INTO DRIVE_CONTENTS VALUES (20,5);
INSERT INTO DRIVE_CONTENTS VALUES (19,5);
INSERT INTO DRIVE_CONTENTS VALUES (18,5);

INSERT INTO DRIVE_CONTENTS VALUES (25,6);
INSERT INTO DRIVE_CONTENTS VALUES (24,6);
INSERT INTO DRIVE_CONTENTS VALUES (23,6);
INSERT INTO DRIVE_CONTENTS VALUES (22,6);
INSERT INTO DRIVE_CONTENTS VALUES (21,6);

INSERT INTO DRIVE_CONTENTS VALUES (12,7);
INSERT INTO DRIVE_CONTENTS VALUES (13,7);
INSERT INTO DRIVE_CONTENTS VALUES (14,7);

INSERT INTO DRIVE_CONTENTS VALUES (28,8);
INSERT INTO DRIVE_CONTENTS VALUES (27,8);
INSERT INTO DRIVE_CONTENTS VALUES (26,8);

INSERT INTO BUS_MODELS(BUS_MODEL_ID,NAME,ENGINE_CAPACITY_CM3,ENGINE_POWER_KW,LENGTH_MM,WIDTH_MM,MIN_TRUNK_CAPACITY_M3) VALUES(1,'Mercedes Tourismo',10677,265,12140,2550,9.6);
INSERT INTO BUS_MODELS(BUS_MODEL_ID,NAME,ENGINE_CAPACITY_CM3,ENGINE_POWER_KW,LENGTH_MM,WIDTH_MM,MIN_TRUNK_CAPACITY_M3) VALUES(2,'Mercedes Travego',10677,315,12180,2550,8.2);
INSERT INTO BUS_MODELS(BUS_MODEL_ID,NAME,ENGINE_CAPACITY_CM3,ENGINE_POWER_KW,LENGTH_MM,WIDTH_MM,MIN_TRUNK_CAPACITY_M3) VALUES(3,'Mercedes Tourismo K',7700,260,10320,2550,4.2);


INSERT INTO SERVICE_PLAN_POSITIONS(SERVICE_PLAN_POSITION_ID,BUS_MODEL_ID,MONTHS_TO_SERVICE,MILEAGE_KM) VALUES(1,1,1,1600);
INSERT INTO SERVICE_PLAN_POSITIONS(SERVICE_PLAN_POSITION_ID,BUS_MODEL_ID,MONTHS_TO_SERVICE,MILEAGE_KM) VALUES(2,1,3,4800);
INSERT INTO SERVICE_PLAN_POSITIONS(SERVICE_PLAN_POSITION_ID,BUS_MODEL_ID,MONTHS_TO_SERVICE,MILEAGE_KM) VALUES(3,1,6,9600);
INSERT INTO SERVICE_PLAN_POSITIONS(SERVICE_PLAN_POSITION_ID,BUS_MODEL_ID,MONTHS_TO_SERVICE,MILEAGE_KM) VALUES(4,1,9,14400);
INSERT INTO SERVICE_PLAN_POSITIONS(SERVICE_PLAN_POSITION_ID,BUS_MODEL_ID,MONTHS_TO_SERVICE,MILEAGE_KM) VALUES(5,1,12,19200);
INSERT INTO SERVICE_PLAN_POSITIONS(SERVICE_PLAN_POSITION_ID,BUS_MODEL_ID,MONTHS_TO_SERVICE,MILEAGE_KM) VALUES(6,2,1,1600);
INSERT INTO SERVICE_PLAN_POSITIONS(SERVICE_PLAN_POSITION_ID,BUS_MODEL_ID,MONTHS_TO_SERVICE,MILEAGE_KM) VALUES(7,2,3,4800);
INSERT INTO SERVICE_PLAN_POSITIONS(SERVICE_PLAN_POSITION_ID,BUS_MODEL_ID,MONTHS_TO_SERVICE,MILEAGE_KM) VALUES(8,2,6,9600);
INSERT INTO SERVICE_PLAN_POSITIONS(SERVICE_PLAN_POSITION_ID,BUS_MODEL_ID,MONTHS_TO_SERVICE,MILEAGE_KM) VALUES(9,2,9,14400);
INSERT INTO SERVICE_PLAN_POSITIONS(SERVICE_PLAN_POSITION_ID,BUS_MODEL_ID,MONTHS_TO_SERVICE,MILEAGE_KM) VALUES(10,2,12,19200);
INSERT INTO SERVICE_PLAN_POSITIONS(SERVICE_PLAN_POSITION_ID,BUS_MODEL_ID,MONTHS_TO_SERVICE,MILEAGE_KM) VALUES(11,3,1,1600);
INSERT INTO SERVICE_PLAN_POSITIONS(SERVICE_PLAN_POSITION_ID,BUS_MODEL_ID,MONTHS_TO_SERVICE,MILEAGE_KM) VALUES(12,3,3,4800);
INSERT INTO SERVICE_PLAN_POSITIONS(SERVICE_PLAN_POSITION_ID,BUS_MODEL_ID,MONTHS_TO_SERVICE,MILEAGE_KM) VALUES(13,3,6,9600);
INSERT INTO SERVICE_PLAN_POSITIONS(SERVICE_PLAN_POSITION_ID,BUS_MODEL_ID,MONTHS_TO_SERVICE,MILEAGE_KM) VALUES(14,3,9,14400);
INSERT INTO SERVICE_PLAN_POSITIONS(SERVICE_PLAN_POSITION_ID,BUS_MODEL_ID,MONTHS_TO_SERVICE,MILEAGE_KM) VALUES(15,3,12,19200);

INSERT INTO SERVICES (SERVICE_ID,OPERATION,MEANINGNESS) VALUES (1,'Dashboard Indicator Lights On','SMALL');
INSERT INTO SERVICES (SERVICE_ID,OPERATION,MEANINGNESS) VALUES (2,'Lights','SMALL');
INSERT INTO SERVICES (SERVICE_ID,OPERATION,MEANINGNESS) VALUES (3,'Tire Inflation and Condition','SMALL');
INSERT INTO SERVICES (SERVICE_ID,OPERATION,MEANINGNESS) VALUES (4,'Windshield Washer Fluid','MEDIUM');
INSERT INTO SERVICES (SERVICE_ID,OPERATION,MEANINGNESS) VALUES (5,'Engine Oil Level','MEDIUM');

INSERT INTO SERVICES (SERVICE_ID,OPERATION,MEANINGNESS) VALUES (6,'Automatic Transmission Fluid','MEDIUM');
INSERT INTO SERVICES (SERVICE_ID,OPERATION,MEANINGNESS) VALUES (7,'Battery and Cables','LARGE');
INSERT INTO SERVICES (SERVICE_ID,OPERATION,MEANINGNESS) VALUES (8,'Belts','LARGE');
INSERT INTO SERVICES (SERVICE_ID,OPERATION,MEANINGNESS) VALUES (9,'Dashboard Indicator Light On','LARGE');
INSERT INTO SERVICES (SERVICE_ID,OPERATION,MEANINGNESS) VALUES (10,'Engine Air Filter','SMALL');
INSERT INTO SERVICES (SERVICE_ID,OPERATION,MEANINGNESS) VALUES (11,'Engine Oil','SMALL');
INSERT INTO SERVICES (SERVICE_ID,OPERATION,MEANINGNESS) VALUES (12,'Lights','SMALL');
INSERT INTO SERVICES (SERVICE_ID,OPERATION,MEANINGNESS) VALUES (13,'Power Steering Fluid','MEDIUM');
INSERT INTO SERVICES (SERVICE_ID,OPERATION,MEANINGNESS) VALUES (14,'Windshield Washer Fluid','MEDIUM');

INSERT INTO SERVICES (SERVICE_ID,OPERATION,MEANINGNESS) VALUES (15,'Automatic Transmission Fluid','MEDIUM');
INSERT INTO SERVICES (SERVICE_ID,OPERATION,MEANINGNESS) VALUES (16,'Dashboard Indicator Light On','LARGE');
INSERT INTO SERVICES (SERVICE_ID,OPERATION,MEANINGNESS) VALUES (17,'Power Steering Fluid','LARGE');
INSERT INTO SERVICES (SERVICE_ID,OPERATION,MEANINGNESS) VALUES (18,'Wiper Blades','LARGE');
INSERT INTO SERVICES (SERVICE_ID,OPERATION,MEANINGNESS) VALUES (19,'Chassis Lubrication','SMALL');

INSERT INTO SERVICES (SERVICE_ID,OPERATION,MEANINGNESS) VALUES (20,'Automatic Transmission Fluid','SMALL');
INSERT INTO SERVICES (SERVICE_ID,OPERATION,MEANINGNESS) VALUES (21,'Battery and Cables','SMALL');
INSERT INTO SERVICES (SERVICE_ID,OPERATION,MEANINGNESS) VALUES (22,'Engine Air Filter','MEDIUM');
INSERT INTO SERVICES (SERVICE_ID,OPERATION,MEANINGNESS) VALUES (23,'Tire Inflation and Condition','MEDIUM');
INSERT INTO SERVICES (SERVICE_ID,OPERATION,MEANINGNESS) VALUES (24,'Windshield Washer Fluid','MEDIUM');

INSERT INTO SERVICES (SERVICE_ID,OPERATION,MEANINGNESS) VALUES (25,'Automatic Transmission Fluid','LARGE');
INSERT INTO SERVICES (SERVICE_ID,OPERATION,MEANINGNESS) VALUES (26,'Battery and Cables','LARGE');
INSERT INTO SERVICES (SERVICE_ID,OPERATION,MEANINGNESS) VALUES (27,'Belts','LARGE');
INSERT INTO SERVICES (SERVICE_ID,OPERATION,MEANINGNESS) VALUES (28,'Brakes','SMALL');
INSERT INTO SERVICES (SERVICE_ID,OPERATION,MEANINGNESS) VALUES (29,'Cabin Air Filter','SMALL');
INSERT INTO SERVICES (SERVICE_ID,OPERATION,MEANINGNESS) VALUES (30,'Chassis Lubrication','SMALL');
INSERT INTO SERVICES (SERVICE_ID,OPERATION,MEANINGNESS) VALUES (31,'Dashboard Indicator Light On','MEDIUM');
INSERT INTO SERVICES (SERVICE_ID,OPERATION,MEANINGNESS) VALUES (32,'Coolant (Antifreeze)','MEDIUM');
INSERT INTO SERVICES (SERVICE_ID,OPERATION,MEANINGNESS) VALUES (33,'Engine Air Filter','MEDIUM');
INSERT INTO SERVICES (SERVICE_ID,OPERATION,MEANINGNESS) VALUES (34,'Engine Oil','LARGE');
INSERT INTO SERVICES (SERVICE_ID,OPERATION,MEANINGNESS) VALUES (35,'Exhaust','LARGE');
INSERT INTO SERVICES (SERVICE_ID,OPERATION,MEANINGNESS) VALUES (36,'Tire Inflation and Condition','LARGE');
INSERT INTO SERVICES (SERVICE_ID,OPERATION,MEANINGNESS) VALUES (37,'Windshield Washer Fluid','SMALL');
INSERT INTO SERVICES (SERVICE_ID,OPERATION,MEANINGNESS) VALUES (38,'Wheel Alignment','SMALL');
INSERT INTO SERVICES (SERVICE_ID,OPERATION,MEANINGNESS) VALUES (39,'Steering and Suspension','SMALL');
INSERT INTO SERVICES (SERVICE_ID,OPERATION,MEANINGNESS) VALUES (40,'Lights','MEDIUM');

INSERT INTO POSITION_REQUIREMENTS(SERVICE_PLAN_POSITION_ID,SERVICE_ID) VALUES (1,1);
INSERT INTO POSITION_REQUIREMENTS(SERVICE_PLAN_POSITION_ID,SERVICE_ID) VALUES (6,1);
INSERT INTO POSITION_REQUIREMENTS(SERVICE_PLAN_POSITION_ID,SERVICE_ID) VALUES(11,1);
INSERT INTO POSITION_REQUIREMENTS(SERVICE_PLAN_POSITION_ID,SERVICE_ID) VALUES (1,2);
INSERT INTO POSITION_REQUIREMENTS(SERVICE_PLAN_POSITION_ID,SERVICE_ID) VALUES (6,2);
INSERT INTO POSITION_REQUIREMENTS(SERVICE_PLAN_POSITION_ID,SERVICE_ID) VALUES(11,2);
INSERT INTO POSITION_REQUIREMENTS(SERVICE_PLAN_POSITION_ID,SERVICE_ID) VALUES (1,3);
INSERT INTO POSITION_REQUIREMENTS(SERVICE_PLAN_POSITION_ID,SERVICE_ID) VALUES (6,3);
INSERT INTO POSITION_REQUIREMENTS(SERVICE_PLAN_POSITION_ID,SERVICE_ID) VALUES(11,3);
INSERT INTO POSITION_REQUIREMENTS(SERVICE_PLAN_POSITION_ID,SERVICE_ID) VALUES (1,4);
INSERT INTO POSITION_REQUIREMENTS(SERVICE_PLAN_POSITION_ID,SERVICE_ID) VALUES (6,4);
INSERT INTO POSITION_REQUIREMENTS(SERVICE_PLAN_POSITION_ID,SERVICE_ID) VALUES(11,4);
INSERT INTO POSITION_REQUIREMENTS(SERVICE_PLAN_POSITION_ID,SERVICE_ID) VALUES (1,5);
INSERT INTO POSITION_REQUIREMENTS(SERVICE_PLAN_POSITION_ID,SERVICE_ID) VALUES (6,5);
INSERT INTO POSITION_REQUIREMENTS(SERVICE_PLAN_POSITION_ID,SERVICE_ID) VALUES(11,5);
INSERT INTO POSITION_REQUIREMENTS(SERVICE_PLAN_POSITION_ID,SERVICE_ID) VALUES (2,6);
INSERT INTO POSITION_REQUIREMENTS(SERVICE_PLAN_POSITION_ID,SERVICE_ID) VALUES (7,6);
INSERT INTO POSITION_REQUIREMENTS(SERVICE_PLAN_POSITION_ID,SERVICE_ID) VALUES(12,6);
INSERT INTO POSITION_REQUIREMENTS(SERVICE_PLAN_POSITION_ID,SERVICE_ID) VALUES (2,7);
INSERT INTO POSITION_REQUIREMENTS(SERVICE_PLAN_POSITION_ID,SERVICE_ID) VALUES (7,7);
INSERT INTO POSITION_REQUIREMENTS(SERVICE_PLAN_POSITION_ID,SERVICE_ID) VALUES(12,7);
INSERT INTO POSITION_REQUIREMENTS(SERVICE_PLAN_POSITION_ID,SERVICE_ID) VALUES (2,8);
INSERT INTO POSITION_REQUIREMENTS(SERVICE_PLAN_POSITION_ID,SERVICE_ID) VALUES (7,8);
INSERT INTO POSITION_REQUIREMENTS(SERVICE_PLAN_POSITION_ID,SERVICE_ID) VALUES(12,8);
INSERT INTO POSITION_REQUIREMENTS(SERVICE_PLAN_POSITION_ID,SERVICE_ID) VALUES (2,9);
INSERT INTO POSITION_REQUIREMENTS(SERVICE_PLAN_POSITION_ID,SERVICE_ID) VALUES (7,9);
INSERT INTO POSITION_REQUIREMENTS(SERVICE_PLAN_POSITION_ID,SERVICE_ID) VALUES(12,9);
INSERT INTO POSITION_REQUIREMENTS(SERVICE_PLAN_POSITION_ID,SERVICE_ID) VALUES (2,10);
INSERT INTO POSITION_REQUIREMENTS(SERVICE_PLAN_POSITION_ID,SERVICE_ID) VALUES (7,10);
INSERT INTO POSITION_REQUIREMENTS(SERVICE_PLAN_POSITION_ID,SERVICE_ID) VALUES(12,10);
INSERT INTO POSITION_REQUIREMENTS(SERVICE_PLAN_POSITION_ID,SERVICE_ID) VALUES (2,11);
INSERT INTO POSITION_REQUIREMENTS(SERVICE_PLAN_POSITION_ID,SERVICE_ID) VALUES (7,11);
INSERT INTO POSITION_REQUIREMENTS(SERVICE_PLAN_POSITION_ID,SERVICE_ID) VALUES(12,11);
INSERT INTO POSITION_REQUIREMENTS(SERVICE_PLAN_POSITION_ID,SERVICE_ID) VALUES (2,12);
INSERT INTO POSITION_REQUIREMENTS(SERVICE_PLAN_POSITION_ID,SERVICE_ID) VALUES (7,12);
INSERT INTO POSITION_REQUIREMENTS(SERVICE_PLAN_POSITION_ID,SERVICE_ID) VALUES(12,12);
INSERT INTO POSITION_REQUIREMENTS(SERVICE_PLAN_POSITION_ID,SERVICE_ID) VALUES (2,13);
INSERT INTO POSITION_REQUIREMENTS(SERVICE_PLAN_POSITION_ID,SERVICE_ID) VALUES (7,13);
INSERT INTO POSITION_REQUIREMENTS(SERVICE_PLAN_POSITION_ID,SERVICE_ID) VALUES(12,13);
INSERT INTO POSITION_REQUIREMENTS(SERVICE_PLAN_POSITION_ID,SERVICE_ID) VALUES (2,14);
INSERT INTO POSITION_REQUIREMENTS(SERVICE_PLAN_POSITION_ID,SERVICE_ID) VALUES (7,14);
INSERT INTO POSITION_REQUIREMENTS(SERVICE_PLAN_POSITION_ID,SERVICE_ID) VALUES(12,14);
INSERT INTO POSITION_REQUIREMENTS(SERVICE_PLAN_POSITION_ID,SERVICE_ID) VALUES (3,15);
INSERT INTO POSITION_REQUIREMENTS(SERVICE_PLAN_POSITION_ID,SERVICE_ID) VALUES (8,15);
INSERT INTO POSITION_REQUIREMENTS(SERVICE_PLAN_POSITION_ID,SERVICE_ID) VALUES(13,15);
INSERT INTO POSITION_REQUIREMENTS(SERVICE_PLAN_POSITION_ID,SERVICE_ID) VALUES (3,16);
INSERT INTO POSITION_REQUIREMENTS(SERVICE_PLAN_POSITION_ID,SERVICE_ID) VALUES (8,16);
INSERT INTO POSITION_REQUIREMENTS(SERVICE_PLAN_POSITION_ID,SERVICE_ID) VALUES(13,16);
INSERT INTO POSITION_REQUIREMENTS(SERVICE_PLAN_POSITION_ID,SERVICE_ID) VALUES (3,17);
INSERT INTO POSITION_REQUIREMENTS(SERVICE_PLAN_POSITION_ID,SERVICE_ID) VALUES (8,17);
INSERT INTO POSITION_REQUIREMENTS(SERVICE_PLAN_POSITION_ID,SERVICE_ID) VALUES(13,17);
INSERT INTO POSITION_REQUIREMENTS(SERVICE_PLAN_POSITION_ID,SERVICE_ID) VALUES (3,18);
INSERT INTO POSITION_REQUIREMENTS(SERVICE_PLAN_POSITION_ID,SERVICE_ID) VALUES (8,18);
INSERT INTO POSITION_REQUIREMENTS(SERVICE_PLAN_POSITION_ID,SERVICE_ID) VALUES(13,18);
INSERT INTO POSITION_REQUIREMENTS(SERVICE_PLAN_POSITION_ID,SERVICE_ID) VALUES (3,19);
INSERT INTO POSITION_REQUIREMENTS(SERVICE_PLAN_POSITION_ID,SERVICE_ID) VALUES (8,19);
INSERT INTO POSITION_REQUIREMENTS(SERVICE_PLAN_POSITION_ID,SERVICE_ID) VALUES(13,19);

INSERT INTO POSITION_REQUIREMENTS(SERVICE_PLAN_POSITION_ID,SERVICE_ID) VALUES (4,20);
INSERT INTO POSITION_REQUIREMENTS(SERVICE_PLAN_POSITION_ID,SERVICE_ID) VALUES (9,20);
INSERT INTO POSITION_REQUIREMENTS(SERVICE_PLAN_POSITION_ID,SERVICE_ID) VALUES(14,20);
INSERT INTO POSITION_REQUIREMENTS(SERVICE_PLAN_POSITION_ID,SERVICE_ID) VALUES (4,21);
INSERT INTO POSITION_REQUIREMENTS(SERVICE_PLAN_POSITION_ID,SERVICE_ID) VALUES (9,21);
INSERT INTO POSITION_REQUIREMENTS(SERVICE_PLAN_POSITION_ID,SERVICE_ID) VALUES(14,21);
INSERT INTO POSITION_REQUIREMENTS(SERVICE_PLAN_POSITION_ID,SERVICE_ID) VALUES (4,22);
INSERT INTO POSITION_REQUIREMENTS(SERVICE_PLAN_POSITION_ID,SERVICE_ID) VALUES (9,22);
INSERT INTO POSITION_REQUIREMENTS(SERVICE_PLAN_POSITION_ID,SERVICE_ID) VALUES(14,22);
INSERT INTO POSITION_REQUIREMENTS(SERVICE_PLAN_POSITION_ID,SERVICE_ID) VALUES (4,23);
INSERT INTO POSITION_REQUIREMENTS(SERVICE_PLAN_POSITION_ID,SERVICE_ID) VALUES (9,23);
INSERT INTO POSITION_REQUIREMENTS(SERVICE_PLAN_POSITION_ID,SERVICE_ID) VALUES(14,23);
INSERT INTO POSITION_REQUIREMENTS(SERVICE_PLAN_POSITION_ID,SERVICE_ID) VALUES (4,24);
INSERT INTO POSITION_REQUIREMENTS(SERVICE_PLAN_POSITION_ID,SERVICE_ID) VALUES (9,24);
INSERT INTO POSITION_REQUIREMENTS(SERVICE_PLAN_POSITION_ID,SERVICE_ID) VALUES(14,24);

INSERT INTO POSITION_REQUIREMENTS(SERVICE_PLAN_POSITION_ID,SERVICE_ID) VALUES (5,25);
INSERT INTO POSITION_REQUIREMENTS(SERVICE_PLAN_POSITION_ID,SERVICE_ID) VALUES(10,25);
INSERT INTO POSITION_REQUIREMENTS(SERVICE_PLAN_POSITION_ID,SERVICE_ID) VALUES(15,25);
INSERT INTO POSITION_REQUIREMENTS(SERVICE_PLAN_POSITION_ID,SERVICE_ID) VALUES (5,26);
INSERT INTO POSITION_REQUIREMENTS(SERVICE_PLAN_POSITION_ID,SERVICE_ID) VALUES(10,26);
INSERT INTO POSITION_REQUIREMENTS(SERVICE_PLAN_POSITION_ID,SERVICE_ID) VALUES(15,26);
INSERT INTO POSITION_REQUIREMENTS(SERVICE_PLAN_POSITION_ID,SERVICE_ID) VALUES (5,27);
INSERT INTO POSITION_REQUIREMENTS(SERVICE_PLAN_POSITION_ID,SERVICE_ID) VALUES(10,27);
INSERT INTO POSITION_REQUIREMENTS(SERVICE_PLAN_POSITION_ID,SERVICE_ID) VALUES(15,27);
INSERT INTO POSITION_REQUIREMENTS(SERVICE_PLAN_POSITION_ID,SERVICE_ID) VALUES (5,28);
INSERT INTO POSITION_REQUIREMENTS(SERVICE_PLAN_POSITION_ID,SERVICE_ID) VALUES(10,28);
INSERT INTO POSITION_REQUIREMENTS(SERVICE_PLAN_POSITION_ID,SERVICE_ID) VALUES(15,28);
INSERT INTO POSITION_REQUIREMENTS(SERVICE_PLAN_POSITION_ID,SERVICE_ID) VALUES (5,29);
INSERT INTO POSITION_REQUIREMENTS(SERVICE_PLAN_POSITION_ID,SERVICE_ID) VALUES(10,29);
INSERT INTO POSITION_REQUIREMENTS(SERVICE_PLAN_POSITION_ID,SERVICE_ID) VALUES(15,29);
INSERT INTO POSITION_REQUIREMENTS(SERVICE_PLAN_POSITION_ID,SERVICE_ID) VALUES (5,30);
INSERT INTO POSITION_REQUIREMENTS(SERVICE_PLAN_POSITION_ID,SERVICE_ID) VALUES(10,30);
INSERT INTO POSITION_REQUIREMENTS(SERVICE_PLAN_POSITION_ID,SERVICE_ID) VALUES(15,30);
INSERT INTO POSITION_REQUIREMENTS(SERVICE_PLAN_POSITION_ID,SERVICE_ID) VALUES (5,31);
INSERT INTO POSITION_REQUIREMENTS(SERVICE_PLAN_POSITION_ID,SERVICE_ID) VALUES(10,31);
INSERT INTO POSITION_REQUIREMENTS(SERVICE_PLAN_POSITION_ID,SERVICE_ID) VALUES(15,31);
INSERT INTO POSITION_REQUIREMENTS(SERVICE_PLAN_POSITION_ID,SERVICE_ID) VALUES (5,32);
INSERT INTO POSITION_REQUIREMENTS(SERVICE_PLAN_POSITION_ID,SERVICE_ID) VALUES(10,32);
INSERT INTO POSITION_REQUIREMENTS(SERVICE_PLAN_POSITION_ID,SERVICE_ID) VALUES(15,32);
INSERT INTO POSITION_REQUIREMENTS(SERVICE_PLAN_POSITION_ID,SERVICE_ID) VALUES (5,33);
INSERT INTO POSITION_REQUIREMENTS(SERVICE_PLAN_POSITION_ID,SERVICE_ID) VALUES(10,33);
INSERT INTO POSITION_REQUIREMENTS(SERVICE_PLAN_POSITION_ID,SERVICE_ID) VALUES(15,33);
INSERT INTO POSITION_REQUIREMENTS(SERVICE_PLAN_POSITION_ID,SERVICE_ID) VALUES (5,34);
INSERT INTO POSITION_REQUIREMENTS(SERVICE_PLAN_POSITION_ID,SERVICE_ID) VALUES(10,34);
INSERT INTO POSITION_REQUIREMENTS(SERVICE_PLAN_POSITION_ID,SERVICE_ID) VALUES(15,34);
INSERT INTO POSITION_REQUIREMENTS(SERVICE_PLAN_POSITION_ID,SERVICE_ID) VALUES (5,35);
INSERT INTO POSITION_REQUIREMENTS(SERVICE_PLAN_POSITION_ID,SERVICE_ID) VALUES(10,35);
INSERT INTO POSITION_REQUIREMENTS(SERVICE_PLAN_POSITION_ID,SERVICE_ID) VALUES(15,35);
INSERT INTO POSITION_REQUIREMENTS(SERVICE_PLAN_POSITION_ID,SERVICE_ID) VALUES (5,36);
INSERT INTO POSITION_REQUIREMENTS(SERVICE_PLAN_POSITION_ID,SERVICE_ID) VALUES(10,36);
INSERT INTO POSITION_REQUIREMENTS(SERVICE_PLAN_POSITION_ID,SERVICE_ID) VALUES(15,36);
INSERT INTO POSITION_REQUIREMENTS(SERVICE_PLAN_POSITION_ID,SERVICE_ID) VALUES (5,37);
INSERT INTO POSITION_REQUIREMENTS(SERVICE_PLAN_POSITION_ID,SERVICE_ID) VALUES(10,37);
INSERT INTO POSITION_REQUIREMENTS(SERVICE_PLAN_POSITION_ID,SERVICE_ID) VALUES(15,37);
INSERT INTO POSITION_REQUIREMENTS(SERVICE_PLAN_POSITION_ID,SERVICE_ID) VALUES (5,38);
INSERT INTO POSITION_REQUIREMENTS(SERVICE_PLAN_POSITION_ID,SERVICE_ID) VALUES(10,38);
INSERT INTO POSITION_REQUIREMENTS(SERVICE_PLAN_POSITION_ID,SERVICE_ID) VALUES(15,38);
INSERT INTO POSITION_REQUIREMENTS(SERVICE_PLAN_POSITION_ID,SERVICE_ID) VALUES (5,39);
INSERT INTO POSITION_REQUIREMENTS(SERVICE_PLAN_POSITION_ID,SERVICE_ID) VALUES(10,39);
INSERT INTO POSITION_REQUIREMENTS(SERVICE_PLAN_POSITION_ID,SERVICE_ID) VALUES(15,39);
INSERT INTO POSITION_REQUIREMENTS(SERVICE_PLAN_POSITION_ID,SERVICE_ID) VALUES (5,40);
INSERT INTO POSITION_REQUIREMENTS(SERVICE_PLAN_POSITION_ID,SERVICE_ID) VALUES(10,40);
INSERT INTO POSITION_REQUIREMENTS(SERVICE_PLAN_POSITION_ID,SERVICE_ID) VALUES(15,40);


INSERT INTO CATEGORIES(CATEGORY_ID,CATEGORY_SHORTCUT,CATEGORY_DESCRIPTION,PRICE_RATE) VALUES(1,'N','Autobus nowy, pe³ne wyposa¿enie',1.5);
INSERT INTO CATEGORIES(CATEGORY_ID,CATEGORY_SHORTCUT,CATEGORY_DESCRIPTION,PRICE_RATE) VALUES(2,'S','Autobus zu¿yty',1.1);
INSERT INTO CATEGORIES(CATEGORY_ID,CATEGORY_SHORTCUT,CATEGORY_DESCRIPTION,PRICE_RATE) VALUES(3,'W','Przejazd wieczór/Weekend',1.6);
INSERT INTO CATEGORIES(CATEGORY_ID,CATEGORY_SHORTCUT,CATEGORY_DESCRIPTION,PRICE_RATE) VALUES(4,'R','Przejazd poranny',1.1);


INSERT INTO BUSES (BUS_ID,CATEGORY_ID,BUS_MODEL_ID,BOUGHT_TIME,LICENSE_PLATE,SERIAL_NUMBER,SEATS_NUMBER,MILEAGE,CLASS_RATE) VALUES (BUS_SEQ.NEXTVAL,1,1,TO_DATE('05/03/2016','DD/MM/YYYY'),'RWV 5039','16650514-1645',48,3053,1.3);
INSERT INTO BUSES (BUS_ID,CATEGORY_ID,BUS_MODEL_ID,BOUGHT_TIME,LICENSE_PLATE,SERIAL_NUMBER,SEATS_NUMBER,MILEAGE,CLASS_RATE) VALUES (BUS_SEQ.NEXTVAL,1,2,TO_DATE('05/07/2016','DD/MM/YYYY'),'JWL 3109','16900317-9158',45,908,1.2);
INSERT INTO BUSES (BUS_ID,CATEGORY_ID,BUS_MODEL_ID,BOUGHT_TIME,LICENSE_PLATE,SERIAL_NUMBER,SEATS_NUMBER,MILEAGE,CLASS_RATE) VALUES (BUS_SEQ.NEXTVAL,1,3,TO_DATE('08/09/2016','DD/MM/YYYY'),'UBR 1660','16910615-1245',29,7125,1.1);
INSERT INTO BUSES (BUS_ID,CATEGORY_ID,BUS_MODEL_ID,BOUGHT_TIME,LICENSE_PLATE,SERIAL_NUMBER,SEATS_NUMBER,MILEAGE,CLASS_RATE) VALUES (BUS_SEQ.NEXTVAL,2,1,TO_DATE('03/08/2016','DD/MM/YYYY'),'XQM 5799','16960425-1570',50,3464,1.4);
INSERT INTO BUSES (BUS_ID,CATEGORY_ID,BUS_MODEL_ID,BOUGHT_TIME,LICENSE_PLATE,SERIAL_NUMBER,SEATS_NUMBER,MILEAGE,CLASS_RATE) VALUES (BUS_SEQ.NEXTVAL,2,2,TO_DATE('09/05/2016','DD/MM/YYYY'),'WUI 2694','16691114-8713',52,16992,1.3);
INSERT INTO BUSES (BUS_ID,CATEGORY_ID,BUS_MODEL_ID,BOUGHT_TIME,LICENSE_PLATE,SERIAL_NUMBER,SEATS_NUMBER,MILEAGE,CLASS_RATE) VALUES (BUS_SEQ.NEXTVAL,2,3,TO_DATE('08/11/2016','DD/MM/YYYY'),'JNQ 8177','16840619-6876',23,1951,1.25);
INSERT INTO BUSES (BUS_ID,CATEGORY_ID,BUS_MODEL_ID,BOUGHT_TIME,LICENSE_PLATE,SERIAL_NUMBER,SEATS_NUMBER,MILEAGE,CLASS_RATE) VALUES (BUS_SEQ.NEXTVAL,2,1,TO_DATE('12/07/2016','DD/MM/YYYY'),'PUT 2203','16650327-3911',38,422,1.2);
INSERT INTO BUSES (BUS_ID,CATEGORY_ID,BUS_MODEL_ID,BOUGHT_TIME,LICENSE_PLATE,SERIAL_NUMBER,SEATS_NUMBER,MILEAGE,CLASS_RATE) VALUES (BUS_SEQ.NEXTVAL,2,2,TO_DATE('04/02/2016','DD/MM/YYYY'),'WNB 3347','16830824-0632',55,4206,1.15);
INSERT INTO BUSES (BUS_ID,CATEGORY_ID,BUS_MODEL_ID,BOUGHT_TIME,LICENSE_PLATE,SERIAL_NUMBER,SEATS_NUMBER,MILEAGE,CLASS_RATE) VALUES (BUS_SEQ.NEXTVAL,2,3,TO_DATE('11/10/2016','DD/MM/YYYY'),'GYB 5159','16900528-4972',43,12786,1.08);
INSERT INTO BUSES (BUS_ID,CATEGORY_ID,BUS_MODEL_ID,BOUGHT_TIME,LICENSE_PLATE,SERIAL_NUMBER,SEATS_NUMBER,MILEAGE,CLASS_RATE) VALUES (BUS_SEQ.NEXTVAL,2,1,TO_DATE('01/01/2016','DD/MM/YYYY'),'PEE 9148','16920512-5546',27,4074,1.4);

INSERT INTO TIME_TABLE_POSITIONS(TIME_TABLE_POSITION_ID,DRIVE_ID, CATEGORY_ID, WEEK_DAY,LEAVING_HOUR,REGISTER_TELEPHONE_NUMBER)
VALUES(1,1,3,'MONDAY','17:00','683931593');
INSERT INTO TIME_TABLE_POSITIONS(TIME_TABLE_POSITION_ID,DRIVE_ID, CATEGORY_ID, WEEK_DAY,LEAVING_HOUR,REGISTER_TELEPHONE_NUMBER)
VALUES(2,2,4,'MONDAY','15:00','264931593');
INSERT INTO TIME_TABLE_POSITIONS(TIME_TABLE_POSITION_ID,DRIVE_ID, CATEGORY_ID, WEEK_DAY,LEAVING_HOUR,REGISTER_TELEPHONE_NUMBER)
VALUES(3,2,4,'MONDAY','11:00','735931593');
INSERT INTO TIME_TABLE_POSITIONS(TIME_TABLE_POSITION_ID,DRIVE_ID, CATEGORY_ID, WEEK_DAY,LEAVING_HOUR,REGISTER_TELEPHONE_NUMBER)
VALUES(4,4,4,'MONDAY','9:00','943931593');
INSERT INTO TIME_TABLE_POSITIONS(TIME_TABLE_POSITION_ID,DRIVE_ID, CATEGORY_ID, WEEK_DAY,LEAVING_HOUR,REGISTER_TELEPHONE_NUMBER)
VALUES(5,4,3,'SUNDAY','9:00','634931593');
INSERT INTO TIME_TABLE_POSITIONS(TIME_TABLE_POSITION_ID,DRIVE_ID, CATEGORY_ID, WEEK_DAY,LEAVING_HOUR,REGISTER_TELEPHONE_NUMBER)
VALUES(6,4,3,'SUNDAY','15:00','687351593');
INSERT INTO TIME_TABLE_POSITIONS(TIME_TABLE_POSITION_ID,DRIVE_ID, CATEGORY_ID, WEEK_DAY,LEAVING_HOUR,REGISTER_TELEPHONE_NUMBER)
VALUES(7,7,3,'TUESDAY','17:00','612331593');
INSERT INTO TIME_TABLE_POSITIONS(TIME_TABLE_POSITION_ID,DRIVE_ID, CATEGORY_ID, WEEK_DAY,LEAVING_HOUR,REGISTER_TELEPHONE_NUMBER)
VALUES(8,8,3,'WEDNESDAY','17:00','616331593');
